,time,Number of living cell
0,0,47
1,1,73
2,2,98
3,3,123
4,4,150
5,5,170
6,6,200
7,7,221
8,8,243
9,9,294
10,10,296
11,11,349
12,12,394
13,13,432
14,14,480
15,15,535
16,16,596
17,17,640
18,18,692
19,19,813
20,20,829
21,21,939
22,22,915
23,23,1012
24,24,1135
25,25,1146
26,26,1231
27,27,1353
28,28,1362
29,29,1455
30,30,1570
31,31,1645
32,32,1607
33,33,1731
34,34,1873
35,35,1922
36,36,2035
37,37,2054
38,38,2131
39,39,2146
40,40,2224
41,41,2197
42,42,2304
43,43,2234
44,44,2364
45,45,2401
46,46,2472
47,47,2542
48,48,2617
49,49,2498
50,50,2600
51,51,2602
52,52,2645
53,53,2675
54,54,2704
55,55,2530
56,56,2711
57,57,2588
58,58,2677
59,59,2688
60,60,2678
61,61,2683
62,62,2689
63,63,2710
64,64,2688
65,65,2770
66,66,2675
67,67,2728
68,68,2742
69,69,2677
70,70,2743
71,71,2649
72,72,2798
73,73,2715
74,74,2687
75,75,2733
76,76,2698
77,77,2752
78,78,2666
79,79,2728
80,80,2689
81,81,2748
82,82,2685
83,83,2752
84,84,2792
85,85,2667
86,86,2703
87,87,2761
88,88,2728
89,89,2701
90,90,2596
91,91,2764
92,92,2680
93,93,2727
94,94,2699
95,95,2749
96,96,2607
97,97,2635
98,98,2662
99,99,2791
100,100,2640
101,101,2711
102,102,2778
103,103,2578
104,104,2716
105,105,2738
106,106,2677
107,107,2815
108,108,2715
109,109,2686
110,110,2782
111,111,2646
112,112,2631
113,113,2781
114,114,2808
115,115,2653
116,116,2627
117,117,2632
118,118,2797
119,119,2653
120,120,2763
121,121,2828
122,122,2646
123,123,2637
124,124,2621
125,125,2648
126,126,2698
127,127,2740
128,128,2693
129,129,2696
130,130,2670
131,131,2597
132,132,2764
133,133,2656
134,134,2667
135,135,2624
136,136,2725
137,137,2753
138,138,2696
139,139,2679
140,140,2740
141,141,2615
142,142,2723
143,143,2642
144,144,2751
145,145,2598
146,146,2726
147,147,2725
148,148,2820
149,149,2690
150,150,2705
151,151,2727
152,152,2724
153,153,2590
154,154,2688
155,155,2544
156,156,2727
157,157,2665
158,158,2752
159,159,2637
160,160,2726
161,161,2660
162,162,2713
163,163,2696
164,164,2816
165,165,2662
166,166,2627
167,167,2791
168,168,2651
169,169,2724
170,170,2662
171,171,2814
172,172,2764
173,173,2677
174,174,2613
175,175,2653
176,176,2690
177,177,2754
178,178,2797
179,179,2672
180,180,2713
181,181,2728
182,182,2736
183,183,2674
184,184,2706
185,185,2781
186,186,2653
187,187,2559
188,188,2711
189,189,2730
190,190,2658
191,191,2767
192,192,2717
193,193,2689
194,194,2684
195,195,2776
196,196,2741
197,197,2611
198,198,2660
199,199,2795
200,200,2715
201,201,2720
202,202,2777
203,203,2658
204,204,2710
205,205,2741
206,206,2687
207,207,2739
208,208,2671
209,209,2678
210,210,2735
211,211,2749
212,212,2726
213,213,2665
214,214,2744
215,215,2718
216,216,2691
217,217,2536
218,218,2695
219,219,2670
220,220,2720
221,221,2756
222,222,2669
223,223,2590
224,224,2783
225,225,2665
226,226,2645
227,227,2786
228,228,2705
229,229,2693
230,230,2717
231,231,2655
232,232,2685
233,233,2759
234,234,2740
235,235,2688
236,236,2641
237,237,2733
238,238,2753
239,239,2780
240,240,2777
241,241,2735
242,242,2752
243,243,2704
244,244,2723
245,245,2676
246,246,2721
247,247,2602
248,248,2625
249,249,2698
250,250,2735
251,251,2625
252,252,2673
253,253,2720
254,254,2695
255,255,2697
256,256,2635
257,257,2648
258,258,2755
259,259,2802
260,260,2734
261,261,2685
262,262,2709
263,263,2678
264,264,2707
265,265,2745
266,266,2625
267,267,2660
268,268,2669
269,269,2646
270,270,2685
271,271,2687
272,272,2675
273,273,2698
274,274,2852
275,275,2631
276,276,2663
277,277,2784
278,278,2666
279,279,2754
280,280,2714
281,281,2800
282,282,2739
283,283,2692
284,284,2713
285,285,2633
286,286,2721
287,287,2589
288,288,2623
289,289,2757
290,290,2750
291,291,2722
292,292,2677
293,293,2680
294,294,2712
295,295,2742
296,296,2685
297,297,2686
298,298,2854
299,299,2652
300,300,2791
301,301,2632
302,302,2735
303,303,2700
304,304,2746
305,305,2570
306,306,2714
307,307,2789
308,308,2750
309,309,2646
310,310,2654
311,311,2684
312,312,2753
313,313,2686
314,314,2699
315,315,2723
316,316,2652
317,317,2709
318,318,2773
319,319,2728
320,320,2701
321,321,2738
322,322,2686
323,323,2816
324,324,2748
325,325,2667
326,326,2660
327,327,2689
328,328,2774
329,329,2722
330,330,2710
331,331,2729
332,332,2730
333,333,2627
334,334,2678
335,335,2781
336,336,2743
337,337,2699
338,338,2591
339,339,2777
340,340,2621
341,341,2765
342,342,2663
343,343,2667
344,344,2765
345,345,2682
346,346,2691
347,347,2720
348,348,2676
349,349,2651
350,350,2799
351,351,2754
352,352,2764
353,353,2787
354,354,2740
355,355,2681
356,356,2598
357,357,2736
358,358,2624
359,359,2782
360,360,2729
361,361,2715
362,362,2733
363,363,2712
364,364,2626
365,365,2762
366,366,2730
367,367,2716
368,368,2708
369,369,2677
370,370,2740
371,371,2647
372,372,2726
373,373,2641
374,374,2801
375,375,2721
376,376,2765
377,377,2748
378,378,2753
379,379,2683
380,380,2751
381,381,2605
382,382,2659
383,383,2687
384,384,2635
385,385,2799
386,386,2676
387,387,2698
388,388,2829
389,389,2645
390,390,2660
391,391,2705
392,392,2739
393,393,2674
394,394,2663
395,395,2730
396,396,2692
397,397,2750
398,398,2746
399,399,2732
400,400,2710
401,401,2579
402,402,2714
403,403,2818
404,404,2674
405,405,2685
406,406,2779
407,407,2745
408,408,2687
409,409,2743
410,410,2599
411,411,2695
412,412,2589
413,413,2777
414,414,2696
415,415,2823
416,416,2707
417,417,2643
418,418,2780
419,419,2718
420,420,2606
421,421,2664
422,422,2642
423,423,2657
424,424,2761
425,425,2701
426,426,2643
427,427,2726
428,428,2896
429,429,2639
430,430,2692
431,431,2775
432,432,2709
433,433,2668
434,434,2706
435,435,2700
436,436,2826
437,437,2654
438,438,2763
439,439,2574
440,440,2695
441,441,2644
442,442,2787
443,443,2749
444,444,2698
445,445,2786
446,446,2659
447,447,2719
448,448,2746
449,449,2716
450,450,2783
451,451,2685
452,452,2711
453,453,2754
454,454,2720
455,455,2630
456,456,2669
457,457,2734
458,458,2703
459,459,2615
460,460,2751
461,461,2752
462,462,2716
463,463,2784
464,464,2685
465,465,2664
466,466,2700
467,467,2672
468,468,2642
469,469,2749
470,470,2739
471,471,2664
472,472,2717
473,473,2736
474,474,2668
475,475,2716
476,476,2738
477,477,2559
478,478,2698
479,479,2629
480,480,2783
481,481,2714
482,482,2730
483,483,2641
484,484,2667
485,485,2650
486,486,2717
487,487,2815
488,488,2720
489,489,2703
490,490,2756
491,491,2810
492,492,2574
493,493,2681
494,494,2682
495,495,2705
496,496,2729
497,497,2730
498,498,2722
499,499,2721
500,500,2782
501,501,2692
502,502,2661
503,503,2768
504,504,2822
505,505,2727
506,506,2665
507,507,2656
508,508,2673
509,509,2618
510,510,2620
511,511,2762
512,512,2717
513,513,2634
514,514,2696
515,515,2735
516,516,2681
517,517,2678
518,518,2639
519,519,2675
520,520,2642
521,521,2626
522,522,2682
523,523,2623
524,524,2652
525,525,2660
526,526,2719
527,527,2611
528,528,2704
529,529,2609
530,530,2639
531,531,2692
532,532,2679
533,533,2697
534,534,2727
535,535,2769
536,536,2641
537,537,2675
538,538,2747
539,539,2691
540,540,2651
541,541,2739
542,542,2821
543,543,2666
544,544,2628
545,545,2649
546,546,2724
547,547,2687
548,548,2610
549,549,2684
550,550,2683
551,551,2673
552,552,2747
553,553,2683
554,554,2658
555,555,2687
556,556,2765
557,557,2712
558,558,2741
559,559,2719
560,560,2709
561,561,2765
562,562,2720
563,563,2693
564,564,2708
565,565,2710
566,566,2703
567,567,2690
568,568,2632
569,569,2688
570,570,2636
571,571,2706
572,572,2765
573,573,2721
574,574,2610
575,575,2723
576,576,2751
577,577,2698
578,578,2676
579,579,2735
580,580,2684
581,581,2700
582,582,2640
583,583,2762
584,584,2614
585,585,2686
586,586,2660
587,587,2804
588,588,2655
589,589,2662
590,590,2728
591,591,2659
592,592,2726
593,593,2688
594,594,2615
595,595,2681
596,596,2666
597,597,2749
598,598,2659
599,599,2627
600,600,2865
601,601,2791
602,602,2718
603,603,2641
604,604,2733
605,605,2697
606,606,2780
607,607,2658
608,608,2726
609,609,2794
610,610,2684
611,611,2722
612,612,2677
613,613,2718
614,614,2673
615,615,2721
616,616,2679
617,617,2681
618,618,2674
619,619,2745
620,620,2691
621,621,2705
622,622,2770
623,623,2739
624,624,2695
625,625,2663
626,626,2805
627,627,2777
628,628,2698
629,629,2658
630,630,2748
631,631,2689
632,632,2687
633,633,2677
634,634,2671
635,635,2719
636,636,2626
637,637,2678
638,638,2710
639,639,2818
640,640,2652
641,641,2720
642,642,2688
643,643,2743
644,644,2635
645,645,2801
646,646,2641
647,647,2757
648,648,2837
649,649,2704
650,650,2700
651,651,2701
652,652,2776
653,653,2773
654,654,2767
655,655,2823
656,656,2684
657,657,2564
658,658,2760
659,659,2782
660,660,2709
661,661,2685
662,662,2660
663,663,2829
664,664,2559
665,665,2664
666,666,2536
667,667,2741
668,668,2632
669,669,2821
670,670,2633
671,671,2787
672,672,2666
673,673,2685
674,674,2634
675,675,2645
676,676,2682
677,677,2687
678,678,2721
679,679,2685
680,680,2782
681,681,2606
682,682,2775
683,683,2642
684,684,2804
685,685,2693
686,686,2613
687,687,2679
688,688,2684
689,689,2691
690,690,2593
691,691,2683
692,692,2753
693,693,2653
694,694,2734
695,695,2631
696,696,2743
697,697,2742
698,698,2788
699,699,2742
700,700,2623
701,701,2617
702,702,2803
703,703,2643
704,704,2745
705,705,2696
706,706,2662
707,707,2653
708,708,2758
709,709,2698
710,710,2740
711,711,2694
712,712,2693
713,713,2785
714,714,2709
715,715,2654
716,716,2645
717,717,2793
718,718,2634
719,719,2744
720,720,2669
721,721,2737
722,722,2580
723,723,2648
724,724,2726
725,725,2630
726,726,2730
727,727,2692
728,728,2805
729,729,2683
730,730,2797
731,731,2653
732,732,2789
733,733,2665
734,734,2668
735,735,2698
736,736,2805
737,737,2686
738,738,2736
739,739,2677
740,740,2807
741,741,2803
742,742,2654
743,743,2682
744,744,2800
745,745,2699
746,746,2680
747,747,2713
748,748,2626
749,749,2720
750,750,2729
751,751,2712
752,752,2844
753,753,2699
754,754,2698
755,755,2648
756,756,2633
757,757,2674
758,758,2707
759,759,2717
760,760,2882
761,761,2647
762,762,2863
763,763,2688
764,764,2634
765,765,2631
766,766,2732
767,767,2783
768,768,2740
769,769,2735
770,770,2757
771,771,2687
772,772,2694
773,773,2545
774,774,2762
775,775,2762
776,776,2629
777,777,2621
778,778,2700
779,779,2694
780,780,2675
781,781,2737
782,782,2682
783,783,2676
784,784,2613
785,785,2819
786,786,2641
787,787,2680
788,788,2673
789,789,2765
790,790,2634
791,791,2586
792,792,2751
793,793,2699
794,794,2673
795,795,2669
796,796,2775
797,797,2737
798,798,2631
799,799,2756
800,800,2760
801,801,2775
802,802,2584
803,803,2772
804,804,2540
805,805,2725
806,806,2712
807,807,2663
808,808,2669
809,809,2706
810,810,2646
811,811,2646
812,812,2751
813,813,2679
814,814,2776
815,815,2607
816,816,2745
817,817,2735
818,818,2705
819,819,2673
820,820,2685
821,821,2726
822,822,2757
823,823,2682
824,824,2699
825,825,2668
826,826,2784
827,827,2663
828,828,2700
829,829,2710
830,830,2704
831,831,2679
832,832,2737
833,833,2707
834,834,2726
835,835,2638
836,836,2713
837,837,2737
838,838,2661
839,839,2778
840,840,2686
841,841,2649
842,842,2619
843,843,2746
844,844,2833
845,845,2695
846,846,2739
847,847,2690
848,848,2708
849,849,2764
850,850,2734
851,851,2718
852,852,2658
853,853,2621
854,854,2648
855,855,2588
856,856,2690
857,857,2686
858,858,2750
859,859,2626
860,860,2734
861,861,2653
862,862,2734
863,863,2632
864,864,2755
865,865,2751
866,866,2675
867,867,2768
868,868,2695
869,869,2696
870,870,2702
871,871,2749
872,872,2715
873,873,2687
874,874,2646
875,875,2709
876,876,2699
877,877,2677
878,878,2688
879,879,2786
880,880,2599
881,881,2759
882,882,2620
883,883,2761
884,884,2633
885,885,2630
886,886,2619
887,887,2835
888,888,2661
889,889,2603
890,890,2786
891,891,2704
892,892,2633
893,893,2762
894,894,2804
895,895,2724
896,896,2667
897,897,2756
898,898,2707
899,899,2685
900,900,2703
901,901,2699
902,902,2667
903,903,2661
904,904,2636
905,905,2708
906,906,2719
907,907,2624
908,908,2698
909,909,2754
910,910,2574
911,911,2698
912,912,2711
913,913,2682
914,914,2642
915,915,2713
916,916,2711
917,917,2711
918,918,2644
919,919,2554
920,920,2611
921,921,2720
922,922,2583
923,923,2794
924,924,2700
925,925,2743
926,926,2724
927,927,2756
928,928,2721
929,929,2646
930,930,2619
931,931,2738
932,932,2796
933,933,2655
934,934,2766
935,935,2761
936,936,2700
937,937,2801
938,938,2626
939,939,2678
940,940,2781
941,941,2620
942,942,2704
943,943,2681
944,944,2694
945,945,2711
946,946,2747
947,947,2750
948,948,2664
949,949,2666
950,950,2723
951,951,2718
952,952,2693
953,953,2734
954,954,2769
955,955,2683
956,956,2742
957,957,2693
958,958,2660
959,959,2734
960,960,2813
961,961,2632
962,962,2724
963,963,2730
964,964,2682
965,965,2589
966,966,2627
967,967,2661
968,968,2737
969,969,2788
970,970,2674
971,971,2699
972,972,2786
973,973,2735
974,974,2681
975,975,2798
976,976,2710
977,977,2662
978,978,2721
979,979,2742
980,980,2647
981,981,2696
982,982,2634
983,983,2695
984,984,2656
985,985,2799
986,986,2625
987,987,2720
988,988,2688
989,989,2758
990,990,2739
991,991,2699
992,992,2749
993,993,2666
994,994,2724
995,995,2759
996,996,2633
997,997,2702
998,998,2729
999,999,2812
1000,1000,2665
1001,1001,2606
1002,1002,2774
1003,1003,2806
1004,1004,2681
1005,1005,2639
1006,1006,2714
1007,1007,2701
1008,1008,2727
1009,1009,2707
1010,1010,2746
1011,1011,2698
1012,1012,2649
1013,1013,2702
1014,1014,2788
1015,1015,2712
1016,1016,2689
1017,1017,2730
1018,1018,2643
1019,1019,2727
1020,1020,2801
1021,1021,2739
1022,1022,2671
1023,1023,2734
1024,1024,2688
1025,1025,2724
1026,1026,2778
1027,1027,2756
1028,1028,2711
1029,1029,2721
1030,1030,2726
1031,1031,2727
1032,1032,2743
1033,1033,2764
1034,1034,2664
1035,1035,2715
1036,1036,2693
1037,1037,2750
1038,1038,2608
1039,1039,2772
1040,1040,2631
1041,1041,2754
1042,1042,2580
1043,1043,2646
1044,1044,2575
1045,1045,2647
1046,1046,2725
1047,1047,2729
1048,1048,2712
1049,1049,2617
1050,1050,2799
1051,1051,2674
1052,1052,2681
1053,1053,2668
1054,1054,2721
1055,1055,2723
1056,1056,2626
1057,1057,2722
1058,1058,2730
1059,1059,2754
1060,1060,2695
1061,1061,2620
1062,1062,2689
1063,1063,2745
1064,1064,2747
1065,1065,2704
1066,1066,2739
1067,1067,2734
1068,1068,2765
1069,1069,2755
1070,1070,2627
1071,1071,2695
1072,1072,2777
1073,1073,2657
1074,1074,2754
1075,1075,2751
1076,1076,2662
1077,1077,2719
1078,1078,2647
1079,1079,2655
1080,1080,2710
1081,1081,2762
1082,1082,2786
1083,1083,2764
1084,1084,2692
1085,1085,2715
1086,1086,2700
1087,1087,2788
1088,1088,2700
1089,1089,2779
1090,1090,2748
1091,1091,2734
1092,1092,2655
1093,1093,2814
1094,1094,2669
1095,1095,2707
1096,1096,2661
1097,1097,2674
1098,1098,2677
1099,1099,2760
1100,1100,2726
1101,1101,2714
1102,1102,2698
1103,1103,2692
1104,1104,2704
1105,1105,2735
1106,1106,2783
1107,1107,2684
1108,1108,2697
1109,1109,2754
1110,1110,2661
1111,1111,2751
1112,1112,2581
1113,1113,2675
1114,1114,2685
1115,1115,2778
1116,1116,2593
1117,1117,2603
1118,1118,2751
1119,1119,2650
1120,1120,2692
1121,1121,2715
1122,1122,2774
1123,1123,2753
1124,1124,2672
1125,1125,2694
1126,1126,2685
1127,1127,2695
1128,1128,2690
1129,1129,2796
1130,1130,2714
1131,1131,2607
1132,1132,2721
1133,1133,2680
1134,1134,2840
1135,1135,2579
1136,1136,2754
1137,1137,2721
1138,1138,2727
1139,1139,2655
1140,1140,2774
1141,1141,2705
1142,1142,2685
1143,1143,2597
1144,1144,2780
1145,1145,2731
1146,1146,2714
1147,1147,2725
1148,1148,2675
1149,1149,2583
1150,1150,2777
1151,1151,2760
1152,1152,2649
1153,1153,2632
1154,1154,2630
1155,1155,2796
1156,1156,2778
1157,1157,2751
1158,1158,2703
1159,1159,2725
1160,1160,2741
1161,1161,2640
1162,1162,2799
1163,1163,2609
1164,1164,2632
1165,1165,2738
1166,1166,2664
1167,1167,2674
1168,1168,2685
1169,1169,2662
1170,1170,2595
1171,1171,2640
1172,1172,2692
1173,1173,2755
1174,1174,2685
1175,1175,2618
1176,1176,2632
1177,1177,2675
1178,1178,2742
1179,1179,2744
1180,1180,2780
1181,1181,2576
1182,1182,2690
1183,1183,2650
1184,1184,2704
1185,1185,2778
1186,1186,2725
1187,1187,2736
1188,1188,2675
1189,1189,2594
1190,1190,2687
1191,1191,2653
1192,1192,2708
1193,1193,2695
1194,1194,2671
1195,1195,2841
1196,1196,2776
1197,1197,2751
1198,1198,2737
1199,1199,2729
1200,1200,2702
1201,1201,2677
1202,1202,2748
1203,1203,2655
1204,1204,2655
1205,1205,2710
1206,1206,2712
1207,1207,2641
1208,1208,2551
1209,1209,2738
1210,1210,2675
1211,1211,2673
1212,1212,2852
1213,1213,2753
1214,1214,2694
1215,1215,2651
1216,1216,2704
1217,1217,2779
1218,1218,2813
1219,1219,2699
1220,1220,2754
1221,1221,2691
1222,1222,2630
1223,1223,2752
1224,1224,2748
1225,1225,2657
1226,1226,2653
1227,1227,2859
1228,1228,2726
1229,1229,2597
1230,1230,2697
1231,1231,2588
1232,1232,2771
1233,1233,2702
1234,1234,2666
1235,1235,2649
1236,1236,2778
1237,1237,2704
1238,1238,2697
1239,1239,2763
1240,1240,2689
1241,1241,2629
1242,1242,2688
1243,1243,2713
1244,1244,2719
1245,1245,2726
1246,1246,2651
1247,1247,2590
1248,1248,2743
1249,1249,2662
1250,1250,2665
1251,1251,2683
1252,1252,2655
1253,1253,2776
1254,1254,2641
1255,1255,2686
1256,1256,2664
1257,1257,2658
1258,1258,2669
1259,1259,2696
1260,1260,2652
1261,1261,2613
1262,1262,2688
1263,1263,2629
1264,1264,2654
1265,1265,2667
1266,1266,2677
1267,1267,2635
1268,1268,2756
1269,1269,2655
1270,1270,2658
1271,1271,2675
1272,1272,2719
1273,1273,2732
1274,1274,2683
1275,1275,2755
1276,1276,2703
1277,1277,2603
1278,1278,2702
1279,1279,2668
1280,1280,2738
1281,1281,2769
1282,1282,2799
1283,1283,2728
1284,1284,2622
1285,1285,2713
1286,1286,2683
1287,1287,2693
1288,1288,2627
1289,1289,2707
1290,1290,2685
1291,1291,2665
1292,1292,2700
1293,1293,2598
1294,1294,2732
1295,1295,2612
1296,1296,2741
1297,1297,2741
1298,1298,2637
1299,1299,2754
1300,1300,2727
1301,1301,2667
1302,1302,2813
1303,1303,2617
1304,1304,2775
1305,1305,2606
1306,1306,2727
1307,1307,2744
1308,1308,2672
1309,1309,2740
1310,1310,2703
1311,1311,2730
1312,1312,2771
1313,1313,2668
1314,1314,2725
1315,1315,2678
1316,1316,2769
1317,1317,2768
1318,1318,2782
1319,1319,2716
1320,1320,2789
1321,1321,2613
1322,1322,2717
1323,1323,2752
1324,1324,2759
1325,1325,2733
1326,1326,2715
1327,1327,2630
1328,1328,2716
1329,1329,2774
1330,1330,2804
1331,1331,2613
1332,1332,2752
1333,1333,2654
1334,1334,2714
1335,1335,2688
1336,1336,2744
1337,1337,2699
1338,1338,2696
1339,1339,2705
1340,1340,2780
1341,1341,2799
1342,1342,2628
1343,1343,2705
1344,1344,2732
1345,1345,2759
1346,1346,2749
1347,1347,2654
1348,1348,2681
1349,1349,2726
1350,1350,2730
1351,1351,2635
1352,1352,2693
1353,1353,2625
1354,1354,2701
1355,1355,2702
1356,1356,2715
1357,1357,2735
1358,1358,2703
1359,1359,2728
1360,1360,2717
1361,1361,2630
1362,1362,2723
1363,1363,2815
1364,1364,2640
1365,1365,2699
1366,1366,2790
1367,1367,2694
1368,1368,2651
1369,1369,2671
1370,1370,2683
1371,1371,2794
1372,1372,2752
1373,1373,2732
1374,1374,2756
1375,1375,2622
1376,1376,2663
1377,1377,2796
1378,1378,2713
1379,1379,2703
1380,1380,2697
1381,1381,2761
1382,1382,2624
1383,1383,2693
1384,1384,2772
1385,1385,2743
1386,1386,2703
1387,1387,2687
1388,1388,2698
1389,1389,2618
1390,1390,2713
1391,1391,2715
1392,1392,2599
1393,1393,2874
1394,1394,2685
1395,1395,2822
1396,1396,2575
1397,1397,2819
1398,1398,2707
1399,1399,2633
1400,1400,2675
1401,1401,2751
1402,1402,2805
1403,1403,2712
1404,1404,2705
1405,1405,2714
1406,1406,2690
1407,1407,2765
1408,1408,2647
1409,1409,2694
1410,1410,2687
1411,1411,2793
1412,1412,2693
1413,1413,2781
1414,1414,2691
1415,1415,2675
1416,1416,2602
1417,1417,2763
1418,1418,2691
1419,1419,2775
1420,1420,2677
1421,1421,2737
1422,1422,2627
1423,1423,2780
1424,1424,2762
1425,1425,2747
1426,1426,2697
1427,1427,2740
1428,1428,2720
1429,1429,2690
1430,1430,2726
1431,1431,2678
1432,1432,2649
1433,1433,2623
1434,1434,2717
1435,1435,2592
1436,1436,2694
1437,1437,2545
1438,1438,2724
1439,1439,2766
1440,1440,2650
1441,1441,2783
1442,1442,2730
1443,1443,2671
1444,1444,2742
1445,1445,2740
1446,1446,2592
1447,1447,2637
1448,1448,2657
1449,1449,2714
1450,1450,2652
1451,1451,2629
1452,1452,2776
1453,1453,2785
1454,1454,2615
1455,1455,2724
1456,1456,2660
1457,1457,2868
1458,1458,2665
1459,1459,2621
1460,1460,2596
1461,1461,2816
1462,1462,2594
1463,1463,2690
1464,1464,2694
1465,1465,2691
1466,1466,2679
1467,1467,2753
1468,1468,2622
1469,1469,2795
1470,1470,2716
1471,1471,2728
1472,1472,2686
1473,1473,2664
1474,1474,2726
1475,1475,2763
1476,1476,2672
1477,1477,2683
1478,1478,2674
1479,1479,2730
1480,1480,2655
1481,1481,2684
1482,1482,2682
1483,1483,2737
1484,1484,2738
1485,1485,2750
1486,1486,2747
1487,1487,2742
1488,1488,2706
1489,1489,2799
1490,1490,2696
1491,1491,2733
1492,1492,2689
1493,1493,2771
1494,1494,2712
1495,1495,2693
1496,1496,2682
1497,1497,2676
1498,1498,2711
1499,1499,2700
1500,1500,2690
1501,1501,2713
1502,1502,2769
1503,1503,2751
1504,1504,2571
1505,1505,2661
1506,1506,2765
1507,1507,2730
1508,1508,2709
1509,1509,2737
1510,1510,2721
1511,1511,2658
1512,1512,2653
1513,1513,2818
1514,1514,2627
1515,1515,2653
1516,1516,2744
1517,1517,2655
1518,1518,2681
1519,1519,2672
1520,1520,2752
1521,1521,2667
1522,1522,2707
1523,1523,2677
1524,1524,2779
1525,1525,2709
1526,1526,2699
1527,1527,2699
1528,1528,2702
1529,1529,2623
1530,1530,2783
1531,1531,2760
1532,1532,2614
1533,1533,2789
1534,1534,2705
1535,1535,2679
1536,1536,2615
1537,1537,2715
1538,1538,2740
1539,1539,2733
1540,1540,2752
1541,1541,2601
1542,1542,2699
1543,1543,2697
1544,1544,2643
1545,1545,2633
1546,1546,2702
1547,1547,2793
1548,1548,2692
1549,1549,2708
1550,1550,2717
1551,1551,2719
1552,1552,2628
1553,1553,2798
1554,1554,2731
1555,1555,2613
1556,1556,2757
1557,1557,2714
1558,1558,2659
1559,1559,2632
1560,1560,2600
1561,1561,2683
1562,1562,2647
1563,1563,2752
1564,1564,2540
1565,1565,2664
1566,1566,2677
1567,1567,2687
1568,1568,2670
1569,1569,2749
1570,1570,2680
1571,1571,2689
1572,1572,2679
1573,1573,2649
1574,1574,2694
1575,1575,2762
1576,1576,2665
1577,1577,2706
1578,1578,2727
1579,1579,2741
1580,1580,2660
1581,1581,2824
1582,1582,2738
1583,1583,2723
1584,1584,2685
1585,1585,2600
1586,1586,2575
1587,1587,2719
1588,1588,2812
1589,1589,2706
1590,1590,2742
1591,1591,2654
1592,1592,2718
1593,1593,2672
1594,1594,2721
1595,1595,2698
1596,1596,2704
1597,1597,2578
1598,1598,2706
1599,1599,2720
1600,1600,2728
1601,1601,2678
1602,1602,2848
1603,1603,2676
1604,1604,2649
1605,1605,2739
1606,1606,2692
1607,1607,2662
1608,1608,2840
1609,1609,2688
1610,1610,2732
1611,1611,2713
1612,1612,2490
1613,1613,2705
1614,1614,2681
1615,1615,2745
1616,1616,2639
1617,1617,2652
1618,1618,2626
1619,1619,2699
1620,1620,2686
1621,1621,2715
1622,1622,2755
1623,1623,2710
1624,1624,2748
1625,1625,2769
1626,1626,2717
1627,1627,2688
1628,1628,2672
1629,1629,2706
1630,1630,2702
1631,1631,2682
1632,1632,2781
1633,1633,2629
1634,1634,2726
1635,1635,2808
1636,1636,2719
1637,1637,2693
1638,1638,2707
1639,1639,2592
1640,1640,2778
1641,1641,2793
1642,1642,2708
1643,1643,2730
1644,1644,2751
1645,1645,2682
1646,1646,2691
1647,1647,2654
1648,1648,2709
1649,1649,2727
1650,1650,2741
1651,1651,2662
1652,1652,2772
1653,1653,2725
1654,1654,2613
1655,1655,2794
1656,1656,2708
1657,1657,2758
1658,1658,2706
1659,1659,2756
1660,1660,2717
1661,1661,2679
1662,1662,2730
1663,1663,2703
1664,1664,2705
1665,1665,2687
1666,1666,2730
1667,1667,2755
1668,1668,2642
1669,1669,2674
1670,1670,2695
1671,1671,2744
1672,1672,2657
1673,1673,2780
1674,1674,2707
1675,1675,2724
1676,1676,2705
1677,1677,2743
1678,1678,2681
1679,1679,2691
1680,1680,2660
1681,1681,2713
1682,1682,2745
1683,1683,2838
1684,1684,2624
1685,1685,2652
1686,1686,2768
1687,1687,2625
1688,1688,2663
1689,1689,2713
1690,1690,2845
1691,1691,2681
1692,1692,2766
1693,1693,2761
1694,1694,2663
1695,1695,2771
1696,1696,2699
1697,1697,2688
1698,1698,2666
1699,1699,2720
1700,1700,2804
1701,1701,2739
1702,1702,2520
1703,1703,2746
1704,1704,2863
1705,1705,2613
1706,1706,2695
1707,1707,2735
1708,1708,2773
1709,1709,2764
1710,1710,2592
1711,1711,2719
1712,1712,2679
1713,1713,2662
1714,1714,2635
1715,1715,2729
1716,1716,2721
1717,1717,2685
1718,1718,2629
1719,1719,2710
1720,1720,2727
1721,1721,2661
1722,1722,2685
1723,1723,2702
1724,1724,2635
1725,1725,2618
1726,1726,2705
1727,1727,2743
1728,1728,2603
1729,1729,2794
1730,1730,2655
1731,1731,2749
1732,1732,2673
1733,1733,2705
1734,1734,2561
1735,1735,2712
1736,1736,2665
1737,1737,2690
1738,1738,2660
1739,1739,2681
1740,1740,2718
1741,1741,2726
1742,1742,2721
1743,1743,2598
1744,1744,2683
1745,1745,2709
1746,1746,2713
1747,1747,2640
1748,1748,2821
1749,1749,2614
1750,1750,2766
1751,1751,2643
1752,1752,2811
1753,1753,2839
1754,1754,2660
1755,1755,2737
1756,1756,2672
1757,1757,2810
1758,1758,2637
1759,1759,2648
1760,1760,2742
1761,1761,2757
1762,1762,2766
1763,1763,2698
1764,1764,2734
1765,1765,2602
1766,1766,2737
1767,1767,2700
1768,1768,2725
1769,1769,2683
1770,1770,2794
1771,1771,2685
1772,1772,2733
1773,1773,2703
1774,1774,2766
1775,1775,2724
1776,1776,2606
1777,1777,2726
1778,1778,2700
1779,1779,2751
1780,1780,2718
1781,1781,2735
1782,1782,2698
1783,1783,2622
1784,1784,2798
1785,1785,2809
1786,1786,2664
1787,1787,2747
1788,1788,2688
1789,1789,2694
1790,1790,2723
1791,1791,2655
1792,1792,2660
1793,1793,2693
1794,1794,2743
1795,1795,2726
1796,1796,2763
1797,1797,2696
1798,1798,2724
1799,1799,2595
1800,1800,2738
1801,1801,2650
1802,1802,2706
1803,1803,2764
1804,1804,2648
1805,1805,2737
1806,1806,2751
1807,1807,2638
1808,1808,2666
1809,1809,2744
1810,1810,2735
1811,1811,2745
1812,1812,2636
1813,1813,2775
1814,1814,2769
1815,1815,2768
1816,1816,2643
1817,1817,2628
1818,1818,2713
1819,1819,2764
1820,1820,2682
1821,1821,2720
1822,1822,2744
1823,1823,2763
1824,1824,2700
1825,1825,2792
1826,1826,2662
1827,1827,2760
1828,1828,2643
1829,1829,2637
1830,1830,2707
1831,1831,2639
1832,1832,2646
1833,1833,2664
1834,1834,2669
1835,1835,2761
1836,1836,2753
1837,1837,2647
1838,1838,2700
1839,1839,2606
1840,1840,2727
1841,1841,2770
1842,1842,2742
1843,1843,2658
1844,1844,2820
1845,1845,2784
1846,1846,2677
1847,1847,2669
1848,1848,2652
1849,1849,2769
1850,1850,2662
1851,1851,2771
1852,1852,2777
1853,1853,2718
1854,1854,2735
1855,1855,2675
1856,1856,2730
1857,1857,2625
1858,1858,2755
1859,1859,2847
1860,1860,2592
1861,1861,2610
1862,1862,2685
1863,1863,2658
1864,1864,2678
1865,1865,2674
1866,1866,2653
1867,1867,2749
1868,1868,2688
1869,1869,2740
1870,1870,2744
1871,1871,2767
1872,1872,2651
1873,1873,2738
1874,1874,2649
1875,1875,2763
1876,1876,2759
1877,1877,2658
1878,1878,2722
1879,1879,2725
1880,1880,2579
1881,1881,2772
1882,1882,2769
1883,1883,2752
1884,1884,2688
1885,1885,2692
1886,1886,2811
1887,1887,2600
1888,1888,2661
1889,1889,2613
1890,1890,2665
1891,1891,2755
1892,1892,2701
1893,1893,2824
1894,1894,2658
1895,1895,2712
1896,1896,2765
1897,1897,2607
1898,1898,2704
1899,1899,2612
1900,1900,2750
1901,1901,2656
1902,1902,2648
1903,1903,2657
1904,1904,2755
1905,1905,2652
1906,1906,2606
1907,1907,2825
1908,1908,2745
1909,1909,2695
1910,1910,2668
1911,1911,2683
1912,1912,2685
1913,1913,2726
1914,1914,2690
1915,1915,2713
1916,1916,2719
1917,1917,2718
1918,1918,2773
1919,1919,2782
1920,1920,2657
1921,1921,2799
1922,1922,2563
1923,1923,2653
1924,1924,2655
1925,1925,2766
1926,1926,2713
1927,1927,2748
1928,1928,2683
1929,1929,2709
1930,1930,2738
1931,1931,2696
1932,1932,2658
1933,1933,2706
1934,1934,2752
1935,1935,2698
1936,1936,2680
1937,1937,2729
1938,1938,2711
1939,1939,2729
1940,1940,2821
1941,1941,2797
1942,1942,2673
1943,1943,2737
1944,1944,2714
1945,1945,2683
1946,1946,2670
1947,1947,2656
1948,1948,2680
1949,1949,2717
1950,1950,2629
1951,1951,2706
1952,1952,2709
1953,1953,2733
1954,1954,2640
1955,1955,2676
1956,1956,2623
1957,1957,2779
1958,1958,2744
1959,1959,2758
1960,1960,2685
1961,1961,2663
1962,1962,2676
1963,1963,2713
1964,1964,2606
1965,1965,2747
1966,1966,2664
1967,1967,2779
1968,1968,2787
1969,1969,2648
1970,1970,2711
1971,1971,2662
1972,1972,2750
1973,1973,2721
1974,1974,2824
1975,1975,2648
1976,1976,2707
1977,1977,2747
1978,1978,2755
1979,1979,2728
1980,1980,2734
1981,1981,2651
1982,1982,2736
1983,1983,2700
1984,1984,2719
1985,1985,2668
1986,1986,2686
1987,1987,2787
1988,1988,2832
1989,1989,2756
1990,1990,2690
1991,1991,2622
1992,1992,2687
1993,1993,2703
1994,1994,2595
1995,1995,2790
1996,1996,2633
1997,1997,2709
1998,1998,2745
1999,1999,2688
